isAdmin,firstName,lastName,password,email,phoneNumber,origin,accountNumber,balance,status,createdAt,updatedAt
False,Bryan,Hubbard,$3cUn1op8r,pjones@example.com,3504776603,Central African Republic,GB16IQYJ75756951154084,2693.52,True,2021-05-04 23:53:20,2021-05-29 23:53:20
False,Franklin,Baird,4nM4QYnmA(,laurascott@example.com,5799983823,Cambodia,GB42JERO92760249126285,82067.23,True,2022-01-14 19:39:10,2022-02-09 19:39:10
False,Justin,Barton,%L56^KpVZ&,andradedoris@example.net,(332)861-2034x5222,Guyana,GB40VXOJ25461325173984,36811.37,True,2022-02-01 00:05:52,2022-03-02 00:05:52
False,Bradley,Gallegos,+Yy%6*Gp(d,xrollins@example.org,547.299.8789x96176,Montenegro,GB52FJVY37780424187994,98192.74,True,2020-04-27 08:56:50,2020-04-30 08:56:50
False,Jeffery,Hicks,^4uCrmh))6,daviesamber@example.net,(947)294-2465x673,Turks and Caicos Islands,GB88PZNF92928180900488,59525.32,True,2020-03-09 22:38:57,2020-03-19 22:38:57
False,Angela,Jones,zZ91Z13p!9,wsalas@example.com,7382082186,Bosnia and Herzegovina,GB32FRVK23154368543523,82448.14,True,2022-04-30 04:29:39,2022-05-30 04:29:39
False,Susan,Mcpherson,%vT(aAxId7,fhall@example.net,+1-285-237-7274,Northern Mariana Islands,GB14TIKQ44031463428933,93464.94,True,2020-11-02 11:56:22,2020-11-15 11:56:22
False,Melissa,Parker,l@z9vWrRh%,herringmichael@example.org,001-487-951-4126,Tunisia,GB79MBJT55980017458466,4565.79,True,2023-04-09 12:30:12,2023-04-27 12:30:12
False,Jocelyn,Leon,+FBcBlj1Q7,floreschelsea@example.net,866.365.5230x909,Sri Lanka,GB53QAJE75251711443428,49077.49,True,2022-04-12 10:17:38,2022-04-25 10:17:38
False,Amy,Hayden,37K45n*)@+,logan78@example.com,001-754-593-2221x80909,Japan,GB97UIFM06521752503974,5641.69,True,2020-07-07 01:57:25,2020-07-13 01:57:25
False,Patrick,Anderson,#6JNM*NubE,wrightchristopher@example.com,446.206.2959,Gibraltar,GB33VLVR75112481407327,24463.56,True,2020-11-01 14:37:40,2020-11-26 14:37:40
False,Daniel,Davis,(1$a)!YCln,alyssaburns@example.com,+1-386-477-4665x83850,Montserrat,GB40MLBI96208335585840,56239.17,True,2023-11-03 03:12:33,2023-11-23 03:12:33
False,Christopher,Henderson,$EVX)TbT0v,margaretfrye@example.net,2528065992,Jamaica,GB13XOPB08040744676075,63047.12,True,2022-12-30 00:36:00,2023-01-29 00:36:00
False,Sean,Phillips,i^b4QDXltt,cookmatthew@example.com,(522)546-1365x446,Egypt,GB65CSYK91046882961984,62594.44,True,2021-09-09 12:50:29,2021-09-22 12:50:29
False,Robert,Duran,7CbbB&%h)7,davidbowman@example.com,001-406-727-1335x0536,Haiti,GB56TADG90237297932341,17552.83,True,2022-07-02 14:24:00,2022-07-26 14:24:00
False,Andrew,Sanders,)5KBd*SyS2,justin32@example.com,(307)234-3854x102,French Polynesia,GB33VXIA44823332273741,13781.09,False,2021-03-14 13:05:45,2021-03-22 13:05:45
False,Scott,Robinson,*2xvDzzK7!,edaniel@example.org,751-585-7105,Puerto Rico,GB19KRZX51408301198511,68804.01,True,2023-02-13 05:45:03,2023-02-26 05:45:03
False,Brittney,Jimenez,cqBU0BUh@5,jessicaphelps@example.net,294-344-9602,Tokelau,GB98CSJJ35282319105461,11369.49,True,2022-07-08 23:14:10,2022-08-01 23:14:10
False,Amy,Duran,y*!90M%gok,floydcarrie@example.com,443-698-4577,Sudan,GB98TWYQ49513651062541,91633.36,True,2023-06-02 19:23:16,2023-06-13 19:23:16
False,Jeffrey,Garcia,W(Tp0FhHff,baileyjohn@example.net,470-242-2625,Canada,GB04DVIS53219587565810,78214.28,True,2020-09-01 03:09:00,2020-09-08 03:09:00
False,Jessica,Conner,_604!pztXP,abbottlori@example.net,247.389.6450,Bouvet Island (Bouvetoya),GB48CONB63924123644379,64240.93,True,2021-05-06 22:27:14,2021-05-29 22:27:14
False,Ryan,Burch,N(gn5JmTjX,terrence61@example.com,+1-689-423-2509x33982,Iran,GB73EBEF63536257103609,9190.94,True,2021-01-26 05:19:50,2021-02-04 05:19:50
False,Veronica,Hernandez,1u9V*Zsw+_,vwashington@example.net,459.446.7073x7329,Norway,GB26KDIX01977180131137,90240.4,True,2023-10-02 19:37:43,2023-10-13 19:37:43
False,Christopher,Vazquez,+8XgI4^i8b,andreachen@example.net,+1-331-973-1007x0941,Netherlands Antilles,GB61UOBP62032789604789,34955.98,True,2024-01-02 06:35:19,2024-01-17 06:35:19
False,Ashley,Cole,52TLVxDs^7,kelly75@example.org,(845)931-5570,Lebanon,GB28CDYJ69999688028017,87314.62,True,2021-03-21 17:29:43,2021-04-20 17:29:43
False,Michael,Howard,OM9k5UiT^^,zhill@example.com,001-830-720-3187x40113,Turkmenistan,GB45THMN51061184812671,89254.02,True,2022-12-05 12:53:10,2022-12-29 12:53:10
False,Juan,Michael,Ej9NZt4$_1,morgangriffith@example.org,5567637327,Guernsey,GB14AINL29345493068911,49502.99,True,2022-03-10 14:29:47,2022-03-27 14:29:47
False,Kyle,Bell,NuwVRT5(@4,vharrington@example.com,+1-774-423-5225x8315,Venezuela,GB75ULGT14160462726298,80816.58,True,2023-07-21 11:38:58,2023-08-20 11:38:58
False,Sean,Stewart,J%G49Msx8j,kimberly27@example.net,001-354-873-2511x978,Tonga,GB08YJRF25917617725301,79580.94,True,2022-12-13 14:46:13,2022-12-19 14:46:13
False,William,Murphy,9NblOZrf%#,fwagner@example.org,778-635-9520,Mauritius,GB66KFGO98844241476319,50978.94,True,2023-11-11 18:19:24,2023-11-21 18:19:24
False,Kristine,Miller,+YMZAZAgq1,gwhite@example.net,(300)524-2884x46202,Australia,GB71BBQB12223958900078,2780.35,True,2022-02-27 07:17:39,2022-03-02 07:17:39
False,Michael,Smith,)u#K5X6kQL,timothyacosta@example.org,295.684.6408x5930,Sweden,GB18ZERA76906840894489,29159.53,True,2022-05-21 13:27:42,2022-06-16 13:27:42
False,Johnathan,Gomez,rK66J%Bh)X,troybrown@example.com,774-993-7857,Western Sahara,GB12PKWX70693590997475,72482.23,True,2023-04-02 17:09:44,2023-04-09 17:09:44
False,Amanda,Johnson,__f9#_wiGO,kathleen29@example.org,371-812-1565x5745,Moldova,GB85NFKD25484324349286,96610.85,True,2022-09-04 03:51:20,2022-09-24 03:51:20
False,Shelly,Gonzalez,LuPP+xx6%8,caleb05@example.org,+1-702-513-9682x2010,Cameroon,GB52QAOB93696563697623,54954.95,True,2023-12-28 20:15:05,2024-01-16 20:15:05
False,Tom,Trujillo,$dDU^xeO#4,maciasjulia@example.org,551.793.7925,Burundi,GB03AUJN78010674747453,81122.17,True,2023-12-21 17:00:42,2024-01-14 17:00:42
False,Paul,Moss,6w!KVdSS(f,marytorres@example.com,779-430-4751x82994,Zimbabwe,GB02PRHV29220432863811,65989.89,True,2023-08-02 22:26:27,2023-08-26 22:26:27
False,Nathan,Evans,F17fAvXg^^,morrisonmiguel@example.net,4306515735,Finland,GB03RORI99276933757073,64902.38,True,2023-07-18 08:50:07,2023-08-08 08:50:07
False,Pamela,Lam,0k&vN&)l+a,tonywilson@example.org,4912130486,Western Sahara,GB27ATLP52608828302613,13352.14,True,2023-07-20 12:45:34,2023-08-14 12:45:34
False,Robert,Mills,5HUHD#yH*9,stevenbishop@example.net,(769)588-2735x26767,Christmas Island,GB28WSMB47920118798868,7619.59,True,2023-04-13 02:55:28,2023-04-19 02:55:28
False,Lisa,Perry,V5972DcsR$,tyler39@example.org,001-639-272-3401x326,Equatorial Guinea,GB55CHAQ35044710626311,13792.05,True,2021-05-01 02:26:04,2021-05-12 02:26:04
False,Christopher,Johnson,LgpU21Eb7*,brianwilson@example.net,(806)842-2171x0024,Micronesia,GB84JQWN78627459008714,71446.77,True,2021-09-28 22:36:47,2021-10-03 22:36:47
False,John,Davies,0RgPJzqy#K,xhill@example.net,+1-558-721-2165x711,French Guiana,GB49EEQK45989215798079,7754.39,True,2023-01-09 19:05:12,2023-01-18 19:05:12
False,Olivia,Decker,$SkFn3dev2,crystalstewart@example.net,585.257.8123,Honduras,GB93VEPT34034269690908,88991.96,True,2021-12-13 05:00:30,2022-01-07 05:00:30
False,Natasha,Thompson,DnsIsCqQ(6,davidmcfarland@example.org,(332)734-3049x43082,Armenia,GB14EUSY60815429607724,59763.43,True,2023-11-24 16:09:00,2023-11-25 16:09:00
False,Robin,Cook,)$(1WffeL!,richardsonmichelle@example.com,499.491.4798x531,Brazil,GB19QUHH41718199403362,33958.52,False,2023-12-05 12:32:29,2023-12-15 12:32:29
False,Anthony,Rich,!kS#QjT)M6,deanna97@example.net,319.870.6657x448,Samoa,GB68HMYN71348493160403,4844.25,True,2023-06-26 00:06:20,2023-07-16 00:06:20
False,Jesus,Young,)LlKp8SdL@,haysbruce@example.com,001-756-655-1705x12170,Equatorial Guinea,GB74MHVL13802094381810,99084.09,True,2022-12-04 01:24:42,2022-12-27 01:24:42
False,Austin,Hancock,+5qX98n(t9,ericchase@example.org,001-978-959-8498x921,Benin,GB66YXBA05520694491277,64519.58,True,2023-01-11 15:49:54,2023-02-06 15:49:54
False,Sharon,Lee,)(4XF41i_*,dolson@example.com,830-564-8349,Kazakhstan,GB92PKYS75651801545942,11396.17,True,2022-11-21 21:09:19,2022-12-18 21:09:19
False,Anita,Sparks,yzU+1ZyQjO,staceyjones@example.org,001-255-471-7832x472,Seychelles,GB11FIXO11556003022203,65836.09,True,2021-07-24 20:53:18,2021-08-12 20:53:18
False,Alexa,Gregory,)Z1hyeZ%p7,jasonlong@example.org,(819)267-5395x608,Antigua and Barbuda,GB80HEYQ24507686974936,86578.07,True,2022-11-03 13:10:49,2022-11-15 13:10:49
False,Terri,Allen,g%MFVopK&7,hallalec@example.com,(980)649-0966,Czech Republic,GB49OKPB31074300043497,18996.54,True,2023-12-29 18:23:18,2024-01-26 18:23:18
False,Melissa,Ramos,JA5pRFwdw%,pho@example.com,+1-533-691-9493x926,Saint Lucia,GB31EFKY62339606543536,83157.78,True,2021-10-01 11:39:37,2021-10-25 11:39:37
False,Ronald,Anderson,v%AnPyHr&4,michael86@example.net,707-531-6715x2964,Tunisia,GB52FPAX85408147765359,83876.65,False,2020-10-28 21:40:23,2020-11-12 21:40:23
False,Michael,Boyd,(0L&my*T3p,dhooper@example.org,001-477-257-2892x77650,Cote d'Ivoire,GB21VZYX58233408133676,71200.83,True,2021-11-05 11:28:49,2021-11-07 11:28:49
False,Heather,Alvarez,$U^GBXgf20,tiffanylee@example.org,001-282-262-0063,Belarus,GB43ECKY14848824140033,79441.47,True,2020-04-22 20:33:29,2020-05-02 20:33:29
False,Cynthia,Peters,ke+9qEMpGr,dustinnash@example.net,+1-782-849-6417x927,Turkmenistan,GB97HTTZ73686027353146,24738.18,True,2024-01-18 21:37:18,2024-01-24 21:37:18
False,Jesus,Ford,p%62%Yma9),dhall@example.org,274.605.1007x84158,Cocos (Keeling) Islands,GB26JECZ91857979452968,18612.84,True,2020-04-16 17:46:21,2020-05-03 17:46:21
False,Phillip,Davis,+@5%1P&jgY,wortiz@example.org,386-367-8036x15349,Albania,GB63VUHY76988939992843,73361.62,True,2023-12-22 08:21:48,2024-01-05 08:21:48
True,Sean,Medina,y8q$U+Lt&0,dpierce@example.org,001-324-974-0272,Albania,GB42ZBFF59280449647746,57891.16,True,2023-10-24 00:05:33,2023-10-26 00:05:33
False,Michael,Hoffman,5K%5J0g8js,briandelgado@example.com,941-498-2798,Armenia,GB68IIPL10705179810737,45957.85,True,2022-07-15 12:07:01,2022-07-23 12:07:01
False,John,Maxwell,4R301Q#dG(,mclark@example.net,(243)424-0035x72327,Finland,GB61YHFR31162108833295,54341.92,True,2021-06-05 09:18:08,2021-06-22 09:18:08
False,Suzanne,Steele,&gPdHays+9,matthew54@example.com,382-784-0037,Slovakia (Slovak Republic),GB71TKNM82362814818441,15958.64,True,2020-04-30 09:47:02,2020-05-02 09:47:02
False,John,Johnson,_87VkKGedZ,charles24@example.net,(844)611-1280x2043,South Georgia and the South Sandwich Islands,GB79THJF96971191070511,46915.72,True,2020-02-06 03:25:36,2020-02-23 03:25:36
False,Julie,Swanson,(_b*OcWa5x,mortonmichael@example.com,+1-989-850-3062x612,Belgium,GB57DZOP12823808825305,27372.79,True,2022-08-02 11:05:01,2022-08-11 11:05:01
False,John,Edwards,_54QIsB12g,benjamin92@example.net,380-908-3523x3392,British Indian Ocean Territory (Chagos Archipelago),GB16FMJH25801244006392,16149.74,True,2022-09-10 09:22:12,2022-09-21 09:22:12
False,John,Dunn,74_3qLLt@W,sanchezjoel@example.org,+1-746-395-7338,Cook Islands,GB10JCDG46732471007928,12378.62,False,2021-10-11 18:50:46,2021-10-26 18:50:46
False,Brittany,Valenzuela,)i&%H3c5o3,bryandavis@example.com,(554)246-3363x322,Botswana,GB51WZZJ68866616844663,54312.46,True,2022-01-29 11:05:36,2022-02-05 11:05:36
False,Jason,Mitchell,_m*2Excde#,cgrant@example.com,9063240883,Uzbekistan,GB05QKKY21592866350049,33642.65,True,2023-08-16 03:45:39,2023-09-14 03:45:39
False,William,Tran,@1Hdli^K*5,noahdavis@example.org,565.476.0853x538,Malawi,GB42FJZM30730143143685,8228.53,True,2023-11-07 23:27:26,2023-11-30 23:27:26
False,Susan,Moses,w1U9!$TP%D,briangarcia@example.net,+1-870-391-0980x679,Svalbard & Jan Mayen Islands,GB14EGHP55454588832924,63232.7,True,2022-10-05 20:36:08,2022-10-11 20:36:08
False,Mary,Robles,P*9!H9q3jj,pacematthew@example.net,2476897445,Sudan,GB53BXMC18482063314238,87944.22,True,2020-04-23 14:54:28,2020-05-10 14:54:28
False,Erin,Williamson,5_w3hUmv3N,sharon28@example.com,2287325755,Estonia,GB74SITR66010310567345,16613.66,True,2020-05-26 15:48:51,2020-05-30 15:48:51
False,Amy,Shannon,x*d7Jb%phu,sarah57@example.net,358.358.6220x80094,Palestinian Territory,GB45MGER09247237029378,16931.65,True,2023-10-26 00:13:36,2023-11-12 00:13:36
False,Linda,Bates,$0uBeThmV3,thomas60@example.com,453-360-8472x0665,Kazakhstan,GB35XNST33882975559458,94975.93,True,2022-03-19 19:29:03,2022-04-08 19:29:03
False,Ryan,Jones,)7Tcm7vegp,rodriguezjeremiah@example.org,255-651-7234,Taiwan,GB37IWBD47550537543583,43089.04,True,2021-05-11 16:24:38,2021-05-30 16:24:38
False,Mary,Colon,)r31MWf_)(,scott43@example.com,(481)853-3624x979,Equatorial Guinea,GB97GTIQ66371024379778,60709.03,True,2022-07-05 04:17:45,2022-07-23 04:17:45
False,Amanda,Parker,fB1C2*jnZ$,dennis62@example.com,785-245-4747,Wallis and Futuna,GB91LEMW18748914212952,33135.27,True,2023-06-17 15:13:38,2023-06-27 15:13:38
False,Joe,Mitchell,1*Q1SPv2&W,dlewis@example.net,+1-795-730-2415x14907,Mauritius,GB89HWDD03531384121997,89337.95,True,2023-06-02 21:35:29,2023-06-07 21:35:29
False,Dana,Berry,Tth28BFc#C,dgarza@example.org,3469796036,Cote d'Ivoire,GB75DSBP93433119330132,65306.56,True,2023-12-01 20:55:58,2023-12-30 20:55:58
False,Gina,Smith,z%_sK4TccB,fwashington@example.org,001-288-637-1665x8678,Norfolk Island,GB98WGAM02572674080980,59911.8,True,2022-04-23 15:26:47,2022-05-01 15:26:47
False,Marissa,Jackson,F@tE2I6iq#,benjamin49@example.net,962-931-0929,Mongolia,GB90XBMN88524227455014,48398.25,True,2020-09-25 12:41:28,2020-10-01 12:41:28
False,Melissa,Joseph,WhzUPvA4)3,nramirez@example.net,9603287940,Malaysia,GB23NNTA72634665408682,96524.62,True,2021-12-13 18:19:19,2021-12-30 18:19:19
False,Adam,Wright,fVJ&&3Pc2j,baileyandrew@example.org,858.829.5607x4094,Ethiopia,GB49RFKS95740908469479,32532.67,True,2020-07-11 04:22:35,2020-07-13 04:22:35
False,Zachary,Rodriguez,X^Ffq1Oqax,sandra37@example.net,001-940-557-7863x54987,Tonga,GB28RLWJ50079078873344,57970.87,True,2022-05-09 10:10:44,2022-05-17 10:10:44
False,Willie,Hernandez,dH&w7P*lpb,robinsonmichael@example.org,312.711.9936x231,Congo,GB18JUSZ79087797467743,93402.74,True,2022-12-08 09:41:40,2023-01-05 09:41:40
False,Nicole,Schroeder,+N_cYkQx35,brian37@example.org,(738)536-5943x4825,Bahamas,GB46SIQU50248238204501,57458.63,True,2020-08-07 13:50:12,2020-09-05 13:50:12
False,Brady,Williams,#IRhI3$Vh6,shellypetersen@example.net,738-377-3225x25791,Angola,GB68RYUM80440217307795,2913.26,True,2021-10-20 22:04:58,2021-10-26 22:04:58
False,Katherine,Perez,JA6CaBk$*i,juan72@example.net,(424)725-6185x774,Bangladesh,GB23HMBM96911115629552,59385.03,True,2022-09-16 06:08:54,2022-10-01 06:08:54
False,Bradley,Benjamin,G8zUq8#d#5,ljohnson@example.org,+1-684-644-2520x84026,Canada,GB76EJPT83142790357056,23597.66,True,2023-04-12 19:24:09,2023-04-16 19:24:09
False,Larry,Case,R!*0qGz$5%,richard84@example.org,742.455.5339x9244,South Africa,GB53NIGD42344363118833,56246.08,True,2020-01-07 13:24:23,2020-01-24 13:24:23
False,Scott,Zimmerman,!4XjzHa#Zl,batesjennifer@example.org,276-781-5789x66916,Hong Kong,GB43LEBB69943378050862,11974.44,True,2021-05-18 03:16:40,2021-06-07 03:16:40
False,Jennifer,Jenkins,&qq3tXUa*l,tina98@example.com,936.618.6549,Cyprus,GB92PPBR34447115822222,9401.01,True,2021-04-17 21:33:36,2021-04-21 21:33:36
True,Eric,Martinez,LtH(G9Si_2,tiffanybarton@example.net,001-789-473-2325x8198,Nicaragua,GB77WRPZ29490904757450,90191.25,True,2020-01-20 15:08:47,2020-02-04 15:08:47
False,Patrick,Combs,wQa87KrT&2,anthonywalters@example.com,613-631-5653x2411,Mali,GB15IFNY03808371880851,12993.7,True,2021-06-13 09:51:48,2021-07-04 09:51:48
False,Lauren,Gray,uo*yY6e4@8,hnguyen@example.com,(529)398-9446x839,Aruba,GB57RBVW17734541848888,81495.99,True,2020-02-08 02:11:02,2020-03-08 02:11:02
False,Brooke,Santiago,P^8QlPI2@8,casey39@example.org,811.286.4630x0118,Lebanon,GB06OUSZ27838927485770,41066.62,True,2021-06-04 01:50:19,2021-06-19 01:50:19
False,Rachael,Walker,%6FzSbprij,ssanchez@example.org,001-275-729-2021x75046,French Southern Territories,GB19RIAK78528504256574,1084.01,True,2021-11-11 16:18:34,2021-11-25 16:18:34
False,Sean,Brown,!LWq&a(Ue8,samanthamorrison@example.org,710-340-7199,Isle of Man,GB64XBWT76872755794649,25695.52,True,2021-01-02 13:07:21,2021-01-04 13:07:21
False,Walter,Walton,Kno84Lsn&+,kolsen@example.org,(856)496-5539,Dominica,GB93BLQL51574459151145,52640.16,True,2020-04-23 08:41:38,2020-05-23 08:41:38
False,Russell,Young,9_3WCbXf3o,peter81@example.net,+1-314-620-5241x725,Morocco,GB45YZMN56934478471649,27894.76,True,2022-08-03 00:19:25,2022-08-12 00:19:25
False,Shannon,Petersen,!UhY0FmLLF,uoneill@example.org,951.836.6507,Nigeria,GB40BBKF43613321611118,2499.99,True,2021-01-14 23:16:13,2021-01-19 23:16:13
False,Erica,Ellison,@q3eTr4o05,smithlori@example.org,961.212.7846,Liechtenstein,GB77PFEC72716534112350,1159.74,True,2022-09-08 17:04:13,2022-09-26 17:04:13
False,Nicole,Brown,^!Mg(q#tH5,brettbest@example.net,3889451065,United Arab Emirates,GB43JWYI93129874988498,79898.03,True,2021-09-16 21:47:58,2021-09-21 21:47:58
False,Jennifer,Hall,C8Z7YDYk!e,whitebenjamin@example.org,+1-423-415-7854,South Africa,GB98ACGR18571170216106,42612.55,True,2020-12-20 17:37:25,2020-12-29 17:37:25
False,Paul,Barker,ljQvC0Cr_8,diazmegan@example.com,001-885-316-3121x69644,Uruguay,GB35BEVR97687115079864,78173.59,True,2021-04-21 04:09:52,2021-04-27 04:09:52
False,Eric,Henry,YV_4TRvr6X,bwilson@example.com,411.236.2911x52292,Tajikistan,GB96MOZX05127438460608,15235.87,True,2022-05-19 14:04:43,2022-06-12 14:04:43
False,Tiffany,Hawkins,A*W9gVpF3j,sullivanjennifer@example.net,731-325-8148x945,Mauritania,GB31EFCN20807035690459,3305.69,True,2021-12-20 14:37:00,2022-01-04 14:37:00
False,William,Young,qBdJ)QOd%2,kristiharding@example.org,2955556489,Thailand,GB08IAKL17600462169479,76302.47,True,2022-03-27 18:44:58,2022-04-15 18:44:58
False,Tina,Burns,$Tkc0Xmr4X,turnerrodney@example.net,463-365-3138,Canada,GB03FWQR63074578531411,72310.0,True,2022-01-06 04:25:09,2022-01-17 04:25:09
False,Katherine,Herrera,v0Mj0QFv*b,jennifergutierrez@example.com,357.797.1425,Turkmenistan,GB79INTN68292545496235,97003.99,True,2020-03-06 10:58:58,2020-03-18 10:58:58
False,Sonya,Mccoy,hlfU82dy@0,djenkins@example.com,+1-260-446-4262x9482,Niue,GB36ZJTT67394845764909,71388.28,True,2021-10-18 17:41:33,2021-10-29 17:41:33
False,Brooke,Miller,!v0kyLEnn1,igraham@example.org,(333)673-1478,United States of America,GB58HJVF19538702112963,71535.14,True,2020-03-14 03:18:11,2020-03-18 03:18:11
False,Linda,Smith,W%8SeazKeH,dominique86@example.com,329.400.3598x54422,Montserrat,GB10WMZV44448046453610,22417.52,True,2020-12-13 09:58:30,2020-12-22 09:58:30
False,John,Elliott,N7feUjDi+5,amber93@example.net,(568)527-0380x245,Ethiopia,GB76GFJV54444174019541,32980.75,True,2022-03-29 02:20:41,2022-04-03 02:20:41
False,Jerry,Gray,#0EW#dK5s1,sspears@example.com,9028874354,Turks and Caicos Islands,GB82XFFJ76218643344446,70444.03,True,2022-11-21 18:34:31,2022-12-07 18:34:31
False,Megan,Bruce,r#B85l%sFT,michelle35@example.org,(685)987-7878x681,Tuvalu,GB15FCVJ27173011444885,16354.42,True,2020-03-25 04:21:48,2020-04-12 04:21:48
False,Alicia,Contreras,0Ug($Vzd^D,ppena@example.org,+1-550-987-0783x920,Vanuatu,GB74BVBD87642171055414,86369.96,True,2020-08-28 15:37:32,2020-09-12 15:37:32
False,Scott,Taylor,2lQuE(Wd%2,rmorrison@example.net,328.585.9718,Georgia,GB50NHHD45738669173057,3649.05,True,2021-12-25 07:32:05,2022-01-05 07:32:05
False,Sarah,Landry,iia2#uGl@o,jill01@example.org,(746)748-0549,Malawi,GB65CSRL11814990009532,73942.61,True,2022-04-28 18:49:09,2022-05-20 18:49:09
False,Sharon,Stevens,w!6@61Ps4r,hollowaykevin@example.com,682-747-5446,Niger,GB21UZIK09212536792410,97489.42,True,2023-10-06 17:54:14,2023-10-19 17:54:14
False,Adam,Taylor,E9E76rVc^^,dlevine@example.org,467.220.6845,Palau,GB45EITD31379746656964,33217.52,True,2023-07-14 03:16:56,2023-07-24 03:16:56
False,Teresa,Bailey,UP2#_XhO7$,rickstewart@example.org,+1-968-709-8709x93468,Luxembourg,GB31GGNF46328410125049,15822.19,False,2020-12-08 16:01:40,2020-12-09 16:01:40
False,William,Taylor,!A3aNHzwj*,qbarnes@example.net,770.345.5826x0691,Ireland,GB19QRZP89663058578123,12591.9,True,2022-01-13 18:26:40,2022-01-26 18:26:40
True,Fred,Reed,9fS!OpeU*x,pblackwell@example.net,+1-383-220-1186,Heard Island and McDonald Islands,GB64UFIL78195573850311,31545.33,True,2020-06-21 03:31:51,2020-06-26 03:31:51
False,Natasha,Burton,o7!VWSEz@M,wallen@example.net,584-873-1394,Fiji,GB34CICS43795034063169,72505.3,True,2023-04-22 07:06:42,2023-05-01 07:06:42
False,Clinton,Stewart,7(rp$cBz#0,catherinemalone@example.net,(831)959-7326x74447,Nigeria,GB25LYSY69149877958876,50970.69,True,2020-11-17 21:21:35,2020-12-13 21:21:35
False,Troy,Collins,2*r1GiNV$Q,hallcristian@example.com,2946509902,Wallis and Futuna,GB75VEXD91070395292325,88294.0,True,2022-03-07 10:26:14,2022-03-29 10:26:14
False,Scott,Barajas,&rpaIxmd96,ifigueroa@example.net,339-403-9265x2191,Guernsey,GB93PSWU32412575724277,50419.78,True,2021-11-10 19:17:10,2021-12-06 19:17:10
False,Vernon,Williams,R)8EZ@uI)4,gina79@example.net,+1-836-964-9463x086,Montserrat,GB04BPGH79023915653333,22517.82,True,2022-07-22 00:30:21,2022-08-12 00:30:21
False,Lisa,Tyler,!l9(RbikKx,qwatson@example.net,(707)231-4515x86343,Malta,GB92TVBN57885405902302,41209.84,True,2023-01-31 05:37:43,2023-02-27 05:37:43
False,Robert,Chavez,GXt3HbNi$y,valeriestanley@example.com,622-698-4777x2528,Cuba,GB44CWKH88785966367369,86095.61,True,2021-12-12 02:29:16,2022-01-05 02:29:16
False,Stephanie,Sanchez,#1Y)BLxKPu,stevensharp@example.org,5565729621,Isle of Man,GB30DRLT87149223711379,8861.29,True,2020-12-22 11:40:50,2020-12-30 11:40:50
False,Megan,Howard,f)8sG@eWx0,amymartinez@example.com,9372857906,Liberia,GB48EFTQ22634711264996,12288.94,True,2021-07-30 06:32:17,2021-08-21 06:32:17
False,Samantha,Green,O9NRk^l%($,sharon79@example.net,(543)705-0246x278,Timor-Leste,GB41EAJK61173419390060,96125.89,True,2020-07-09 05:31:28,2020-08-05 05:31:28
False,Alexander,Wright,)P23OaWv*4,tdavis@example.net,001-999-646-9921x9327,Guinea-Bissau,GB33NQDO82881545057895,75444.21,True,2022-09-16 19:25:08,2022-09-19 19:25:08
False,James,Brandt,sE5RnnBy)T,rmoss@example.org,+1-906-644-6246x0655,Nauru,GB35BVDJ17145113440418,89731.13,True,2020-02-25 16:17:12,2020-02-27 16:17:12
False,Aaron,Marsh,Dv8OmD+ue^,andersontracey@example.com,+1-517-606-8454,Gibraltar,GB95SWNW62365192556174,64921.07,True,2020-05-30 06:33:37,2020-06-18 06:33:37
False,Pamela,Brown,A_x8cYyxNB,jsmith@example.org,687-955-8378x11767,Sri Lanka,GB94DSSB35951855902793,42661.6,True,2023-02-09 03:08:34,2023-03-09 03:08:34
False,Ana,Gomez,7%9HgoGsJk,lcook@example.net,+1-977-780-3233x48171,Pakistan,GB13ELSO50460338449888,47687.49,True,2022-05-06 17:25:08,2022-05-21 17:25:08
False,Ruth,Campbell,!Q1oXCXr7@,jeffreyrose@example.org,+1-982-397-7647x672,Egypt,GB72ZMHI21714276401661,67598.53,True,2022-06-01 05:44:03,2022-07-01 05:44:03
False,Joshua,Nelson,$BKj8Uso5b,gsweeney@example.com,804-332-7127x25771,Chile,GB23BGIA17998453489993,38529.95,True,2020-03-04 01:05:28,2020-03-17 01:05:28
False,Brandon,Perry,5HK5VWKdc&,tcole@example.org,(921)721-4887x04433,Northern Mariana Islands,GB82WQYO27441703213319,72250.3,True,2020-02-02 12:00:47,2020-02-08 12:00:47
False,Jerry,Moore,#Z_T5$#n53,pedro56@example.com,(881)582-4479,Romania,GB88RRNC11437141091720,54739.03,True,2023-11-17 09:17:37,2023-12-16 09:17:37
False,Kimberly,Sanchez,nW9kz_wdz(,edwardhopkins@example.net,390.209.2507x519,Poland,GB85GFVU87245981423965,12265.55,True,2024-02-04 01:51:46,2024-02-13 01:51:46
False,Rebecca,Martin,rh1xG3sR+h,oalvarado@example.com,+1-440-917-3525x78879,Germany,GB49RKJS57999671903537,59576.1,True,2020-03-18 16:06:06,2020-03-19 16:06:06
False,Justin,Miller,+6)tJKHkho,christinachristensen@example.com,6219802354,Tonga,GB07NWGJ75722211963918,38948.51,True,2020-06-29 20:00:04,2020-07-02 20:00:04
False,John,Smith,W1X1EAPjR@,crawfordtanya@example.net,(927)216-8677x3895,Argentina,GB98XTTZ30336779129784,74518.54,True,2023-11-09 13:13:08,2023-11-19 13:13:08
True,Jeffrey,Watts,0k&!GzFe#U,cthornton@example.com,876-693-3391x9602,Congo,GB92GKTG51343945616633,54839.03,True,2023-12-22 11:16:15,2024-01-21 11:16:15
False,James,Allen,8i^0Txat#w,alexander73@example.org,538.387.9184,Sao Tome and Principe,GB45JNXD43525358613385,90791.8,True,2020-10-19 07:00:08,2020-10-30 07:00:08
False,Caroline,Wilson,^74EAcz&bx,richardmason@example.com,(375)779-1506,Antarctica (the territory South of 60 deg S),GB06RSDE82220543846590,42108.24,True,2021-04-27 17:30:46,2021-05-08 17:30:46
False,William,Williams,+6AvfHcF+7,langbrian@example.net,+1-234-249-5847,Georgia,GB13MFOA25994644369497,48573.07,True,2022-12-02 07:03:23,2022-12-10 07:03:23
False,William,Singh,@@Cr(k@r69,hayessean@example.net,+1-676-546-7633x56331,Dominica,GB22FCBB28988935721963,37507.21,True,2023-11-24 13:01:21,2023-12-24 13:01:21
False,Amy,Ward,0n5jQrX6A_,fowlerconnie@example.net,+1-417-676-8854x64891,Switzerland,GB95FGYC29541691391253,63871.07,False,2022-09-23 02:18:15,2022-10-17 02:18:15
False,Joshua,Lopez,(287EHvGw9,smorton@example.net,+1-368-210-3663x603,Central African Republic,GB73LCIW85073805307831,65994.98,True,2023-01-17 16:04:29,2023-02-06 16:04:29
False,Betty,Jackson,(E!INL1yo1,martinchristian@example.net,+1-255-288-3421,Palestinian Territory,GB11MSTF89133148775867,74506.19,True,2023-11-14 10:31:03,2023-12-01 10:31:03
False,Brandon,Adams,p0$V@SJc_G,jessica63@example.org,5043599147,Kyrgyz Republic,GB50HKZC25536393920514,90087.68,True,2022-06-01 01:46:12,2022-06-29 01:46:12
False,Angel,Oneill,(aRS@moa97,robinsonmelissa@example.net,(938)842-5008x622,Turkey,GB74BTFD88748391455090,42198.64,True,2021-07-22 23:50:41,2021-07-27 23:50:41
False,Shawn,Mathews,R$7DRoUG$w,davidjeffrey@example.net,752-834-5002,Hungary,GB58VZFH78684363645366,14561.2,True,2021-12-09 17:21:08,2021-12-11 17:21:08
False,Robert,Walker,lc@6WCpUQ_,burchdennis@example.net,(214)865-2782,Sweden,GB98BFQR24836190860143,78504.17,True,2020-02-26 01:50:34,2020-03-24 01:50:34
False,Becky,Harris,+A1GM9oMp3,angelahoward@example.com,929.860.3553x504,Barbados,GB97ZQEW62951323211218,87170.58,True,2020-02-27 23:24:15,2020-03-25 23:24:15
False,Susan,Williams,+@cc9GlYM%,cameron00@example.com,690.464.5018x707,North Macedonia,GB84WSGN74923764343948,1411.0,True,2023-12-19 00:05:46,2023-12-24 00:05:46
False,Dylan,Kennedy,)P3%nLRbq5,sara86@example.net,6137305442,Kenya,GB06DJDY61817103106180,23543.22,True,2020-10-13 04:59:01,2020-11-08 04:59:01
False,James,Nelson,_kX6gIR(N*,francisstephen@example.org,970.738.6504x556,Kyrgyz Republic,GB37AWQV10988111216763,91830.26,True,2022-01-26 01:40:43,2022-02-19 01:40:43
False,Jackie,Fuller,$98UIbkj2*,wellsjanet@example.com,570-799-6861,South Africa,GB36DELN17197889215997,75746.09,True,2022-09-01 17:35:53,2022-09-24 17:35:53
False,Alex,Ballard,+XBd4H(j*b,woodmichael@example.org,689.979.7748x908,Norway,GB03KYXB99838632905374,19211.38,True,2022-12-23 00:00:04,2023-01-12 00:00:04
False,Renee,Burke,4iZXd!of(+,hebertlori@example.org,221-828-5044x94799,Falkland Islands (Malvinas),GB60RPQY23928292045332,52427.07,True,2023-04-23 21:33:02,2023-04-29 21:33:02
False,Paul,Nguyen,qzB2uQv+!v,egregory@example.org,(422)941-3825x6941,Dominican Republic,GB84RZOR16299026753975,38315.86,True,2020-11-24 14:16:00,2020-12-01 14:16:00
False,Candice,Moore,BO9y6GaYA!,ericaberry@example.net,001-619-499-4153,Brazil,GB02NDCR73073371599249,36376.12,True,2023-10-16 00:00:07,2023-10-29 00:00:07
False,Timothy,Johnson,+q0Ro%XwP3,walshfrank@example.org,(394)718-3550,Gibraltar,GB45AGQN91790722911006,39884.02,True,2023-09-10 21:12:10,2023-10-09 21:12:10
False,Lucas,Rodriguez,Btjf2Kfx$5,simpsonjennifer@example.com,001-511-559-9258,Belize,GB94PUIP43809103292454,63064.5,True,2021-06-04 03:05:20,2021-06-20 03:05:20
False,Christopher,Mendoza,P)7H4rxX%S,laurenpaul@example.net,574.967.4647x3555,United Kingdom,GB29LKBF26661630280342,4105.08,True,2021-10-27 15:51:18,2021-11-06 15:51:18
False,Charles,Williams,YWsPd6Ph$c,vgraves@example.org,(328)695-5871x97582,Lebanon,GB73SMQE60868770543468,66460.07,False,2024-01-30 03:02:43,2024-02-15 03:02:43
False,Cynthia,Gonzalez,zh@54CLynQ,shawn27@example.org,(991)452-9174x5719,Isle of Man,GB62YEVS82173047013124,13742.86,True,2022-12-23 02:06:39,2023-01-12 02:06:39
False,Sheri,Flores,v($m2BlmSm,samanthaellis@example.net,+1-208-984-3161x69104,Guadeloupe,GB79AYDG76826209966802,42132.31,True,2022-04-05 04:27:27,2022-05-04 04:27:27
False,Lawrence,Jones,i^GI3Ky1HR,samuel22@example.net,442.778.8140x66865,Jamaica,GB63QFMN97102926891157,86804.46,True,2023-11-04 14:58:14,2023-11-27 14:58:14
False,Kyle,Harris,j(B!1UVh3M,travisross@example.net,500.612.3266x726,Holy See (Vatican City State),GB59YHWG09796279635418,17080.56,True,2022-02-25 10:59:55,2022-03-03 10:59:55
False,Danielle,Jackson,M273Sb)o^o,kevinwashington@example.net,5288872039,Mali,GB10UTVA89410433172651,46332.02,True,2020-01-28 00:33:00,2020-02-19 00:33:00
False,Michael,Davis,300nMInp+K,nobleheather@example.net,001-350-712-8609,Botswana,GB41VHWV40507461467905,78898.3,True,2023-03-22 02:42:39,2023-03-23 02:42:39
False,Regina,Ray,!6#2)@Pyru,phillipsjohn@example.org,001-992-744-7811x778,Brazil,GB12PVXT33958175501626,22326.5,True,2022-03-30 03:50:07,2022-04-28 03:50:07
False,Adam,Scott,$Vbh1+no&2,angelarichardson@example.com,(432)736-1377,Oman,GB41FHHY34481451275455,37493.26,True,2020-03-19 02:08:13,2020-03-31 02:08:13
False,Michael,Potter,N0@A2Twu(n,ycross@example.org,(487)465-8346,Cayman Islands,GB96HQHL71252667075752,75213.1,True,2021-09-10 11:55:51,2021-09-24 11:55:51
False,Robert,Castillo,)qP2MDSk5E,bradleylopez@example.com,694.510.5207,British Virgin Islands,GB15JAUS26358671114261,27074.94,True,2020-06-22 08:31:17,2020-06-30 08:31:17
False,Kyle,Haney,!2$3_X5l)Z,hallaaron@example.net,574-220-9320,Panama,GB87LCQP14141875803539,21439.06,True,2021-09-16 16:30:15,2021-10-08 16:30:15
False,Angela,Mclean,I6bxwdCqp%,marymorgan@example.com,(351)482-8314x900,French Polynesia,GB78ALTT85099998989922,67964.72,True,2023-03-20 22:21:21,2023-04-06 22:21:21
False,Elizabeth,Davis,n3BOaff2*V,christopher24@example.net,001-678-935-6736x493,Palestinian Territory,GB80TSZZ41748609748321,10000.09,True,2020-04-09 20:21:56,2020-04-14 20:21:56
False,Jocelyn,Riggs,+GB5Sf5W)g,bryanmichelle@example.org,001-642-498-9715x41106,Montserrat,GB34BUDI87734561198928,56499.04,True,2022-01-28 18:03:05,2022-02-25 18:03:05
False,Brandon,Parker,)C!88IQzfR,victoriaparks@example.org,657-700-1543x62802,Sierra Leone,GB75JHTV26257784050861,79519.33,True,2021-07-02 01:21:29,2021-07-04 01:21:29
False,Kent,Ward,4@g87PxwiG,kathleenjackson@example.net,830.307.4917,Indonesia,GB31AMFP43651111214310,64947.5,True,2022-02-10 05:50:16,2022-03-02 05:50:16
False,Nicole,White,_Pt2Os%!Sk,amandagonzalez@example.com,614.775.1150,Cuba,GB15NVAV85050158171123,56121.36,True,2023-06-23 08:47:45,2023-07-17 08:47:45
False,Jared,Odonnell,No4ToD^r$G,reneesims@example.org,(943)399-8223x9874,Somalia,GB46ISSN15910632901080,15467.3,True,2021-07-31 15:41:21,2021-08-28 15:41:21
False,Stephen,Franco,lWC1Vemg*9,james21@example.com,6098013763,Cote d'Ivoire,GB76NUHE93714592692667,83788.55,True,2020-03-22 13:04:56,2020-04-10 13:04:56
False,Kevin,Hahn,&7$KmEaZW#,sarah95@example.com,+1-317-809-5527x54934,Qatar,GB70QQJT44424737390861,70509.38,True,2020-03-07 06:16:03,2020-03-18 06:16:03
False,Stephanie,Hart,p^)@8IWr*V,montoyabrenda@example.net,6524284360,Faroe Islands,GB09SPUV91024382179246,9427.14,True,2021-03-18 02:07:23,2021-03-20 02:07:23
False,Ryan,Olson,t%^d2Ajc3E,andersonjack@example.net,278.973.0039,Sudan,GB58JGUV88434924811386,20479.69,True,2021-12-14 16:43:31,2022-01-05 16:43:31
False,Sabrina,Powell,j*82Vvhn9W,ismith@example.net,983-744-1790x13598,Belgium,GB14HRFQ25466088228111,28505.06,False,2020-05-02 22:25:52,2020-05-08 22:25:52
False,Victoria,Abbott,@iA0Jld2jb,gschneider@example.com,352.321.3304x74355,Israel,GB72ETGH93294042040802,90247.4,False,2022-09-20 22:49:34,2022-09-27 22:49:34
False,Julie,Hall,m#c8P+GfT%,lauragarcia@example.org,9533284292,Chile,GB06AVYI11565412648474,17948.27,True,2020-01-18 00:59:16,2020-02-14 00:59:16
False,Alexander,Smith,*&Lj$5D6Om,imiller@example.org,+1-390-258-3138x5775,Cyprus,GB79IERF21098789819169,52503.4,True,2022-01-10 01:10:08,2022-01-17 01:10:08
